Commodity,MSE,RMSE,MAE,R2
Gold,326944.2352672396,571.7903770327371,487.1106929418103,-0.040542464087635954
Crude Oil,1240.2006229408205,35.216482262440984,30.302155740672145,-0.04303528793263167
Natural Gas,335550.97615588957,579.2676204966833,495.92666457266967,-0.07678882131422538
